-- phpMyAdmin SQL Dump
-- version 4.7.0
-- https://www.phpmyadmin.net/
--
-- Host: 127.0.0.1
-- Generation Time: Sep 19, 2017 at 05:30 PM
-- Server version: 10.1.25-MariaDB
-- PHP Version: 7.1.7

SET SQL_MODE = "NO_AUTO_VALUE_ON_ZERO";
SET AUTOCOMMIT = 0;
START TRANSACTION;
SET time_zone = "+00:00";


/*!40101 SET @OLD_CHARACTER_SET_CLIENT=@@CHARACTER_SET_CLIENT */;
/*!40101 SET @OLD_CHARACTER_SET_RESULTS=@@CHARACTER_SET_RESULTS */;
/*!40101 SET @OLD_COLLATION_CONNECTION=@@COLLATION_CONNECTION */;
/*!40101 SET NAMES utf8mb4 */;

--
-- Database: `feedback`
--

-- --------------------------------------------------------

--
-- Table structure for table `as_admin`
--

CREATE TABLE `as_admin` (
  `id` int(10) NOT NULL,
  `uname` varchar(20) DEFAULT NULL,
  `name` varchar(50) DEFAULT NULL,
  `password` varchar(20) DEFAULT NULL
) ENGINE=InnoDB DEFAULT CHARSET=latin1;

--
-- Dumping data for table `as_admin`
--

INSERT INTO `as_admin` (`id`, `uname`, `name`, `password`) VALUES
(1, 'superadmin', 'Siddhant B Fulzele', 'superadmin'),
(2, 'admin', 'Chandrakant Pawar', 'acfeedback');

-- --------------------------------------------------------

--
-- Table structure for table `as_f_activities`
--

CREATE TABLE `as_f_activities` (
  `id` int(10) NOT NULL,
  `s_id` int(10) DEFAULT NULL,
  `q1` int(10) DEFAULT NULL,
  `q2` int(10) DEFAULT NULL,
  `q3` int(10) DEFAULT NULL,
  `q4` int(10) DEFAULT NULL,
  `q5` int(10) DEFAULT NULL,
  `sugg` varchar(500) DEFAULT NULL
) ENGINE=InnoDB DEFAULT CHARSET=latin1;

--
-- Dumping data for table `as_f_activities`
--

INSERT INTO `as_f_activities` (`id`, `s_id`, `q1`, `q2`, `q3`, `q4`, `q5`, `sugg`) VALUES
(8, 2, 4, 4, 4, 4, 4, NULL),
(9, 14, 3, 2, 3, 2, 3, NULL),
(10, 5, 3, 3, 3, 3, 4, NULL),
(11, 3, 3, 4, 1, 4, 1, NULL),
(12, 12, 3, 4, 4, 3, 3, NULL),
(13, 9, 4, 4, 4, 4, 4, NULL),
(14, 15, 4, 4, 4, 4, 4, NULL),
(15, 13, 2, 3, 3, 4, 4, NULL),
(16, 11, 1, 2, 2, 2, 2, NULL),
(17, 6, 3, 2, 1, 2, 2, NULL),
(18, 10, 4, 4, 4, 4, 4, NULL),
(19, 18, 3, 2, 3, 2, 3, NULL),
(20, 8, 2, 3, 2, 2, 3, NULL),
(21, 16, 2, 3, 2, 2, 3, NULL),
(22, 20, 4, 4, 4, 4, 4, NULL),
(23, 4, 1, 2, 1, 1, 1, NULL),
(24, 7, 2, 3, 1, 3, 1, NULL),
(25, 21, 3, 3, 3, 3, 3, NULL),
(26, 19, 3, 3, 3, 3, 3, NULL),
(27, 22, 3, 3, 3, 3, 3, NULL),
(28, 23, 3, 4, 4, 4, 3, NULL),
(29, 25, 3, 3, 3, 3, 3, NULL),
(30, 1, 4, 3, 3, 4, 3, NULL),
(31, 24, 3, 2, 1, 1, 1, NULL),
(32, 17, 3, 2, 3, 2, 3, NULL),
(33, 26, 4, 4, 4, 4, 4, NULL),
(34, 34, 3, 3, 3, 3, 3, NULL),
(35, 30, 1, 1, 1, 1, 1, 'notice board io not display proper for each flour '),
(36, 28, 2, 3, 3, 2, 3, NULL),
(37, 27, 2, 3, 3, 2, 3, NULL),
(38, 37, 3, 3, 3, 3, 3, NULL),
(39, 29, 1, 1, 1, 1, 1, NULL),
(40, 32, 2, 2, 2, 2, 2, NULL),
(41, 31, 2, 2, 1, 2, 4, NULL),
(42, 40, 3, 2, 3, 2, 2, NULL),
(43, 41, 3, 3, 3, 3, 3, NULL),
(44, 36, 1, 1, 1, 1, 1, NULL),
(45, 39, 1, 2, 1, 1, 2, NULL),
(46, 38, 2, 3, 3, 3, 2, NULL),
(47, 33, 2, 2, 2, 1, 2, NULL),
(48, 42, 1, 1, 3, 1, 1, NULL),
(49, 43, 1, 1, 1, 1, 1, 'kuch bhi nhi.....!'),
(50, 35, 1, 3, 2, 2, 2, NULL),
(51, 45, 2, 2, 2, 2, 2, NULL),
(52, 44, 2, 2, 2, 1, 2, NULL),
(53, 47, 2, 3, 2, 3, 2, ''),
(54, 46, 1, 3, 3, 2, 3, NULL),
(55, 55, 4, 4, 4, 4, 4, NULL),
(56, 51, 4, 2, 2, 1, 1, NULL),
(57, 52, 4, 4, 4, 4, 4, NULL),
(58, 49, 2, 3, 3, 3, 3, NULL),
(59, 58, 3, 4, 3, 4, 3, NULL),
(60, 63, 3, 4, 4, 4, 4, NULL),
(61, 60, 2, 3, 3, 2, 2, NULL),
(62, 59, 4, 4, 4, 4, 4, 'Good'),
(63, 54, 3, 3, 3, 3, 3, NULL),
(64, 56, 2, 3, 3, 2, 3, NULL),
(65, 53, 3, 3, 3, 3, 3, NULL),
(66, 61, 3, 3, 3, 3, 4, NULL),
(67, 64, 2, 3, 2, 2, 2, NULL),
(68, 62, 3, 3, 3, 3, 3, NULL),
(69, 65, 1, 2, 1, 1, 1, NULL),
(70, 66, 2, 3, 2, 2, 1, NULL);

-- --------------------------------------------------------

--
-- Table structure for table `as_f_administration`
--

CREATE TABLE `as_f_administration` (
  `id` int(10) NOT NULL,
  `s_id` int(10) DEFAULT NULL,
  `q1` int(10) DEFAULT NULL,
  `q2` int(10) DEFAULT NULL,
  `q3` int(10) DEFAULT NULL,
  `q4` int(10) DEFAULT NULL,
  `q5` int(10) DEFAULT NULL,
  `sugg` varchar(500) DEFAULT NULL
) ENGINE=InnoDB DEFAULT CHARSET=latin1;

--
-- Dumping data for table `as_f_administration`
--

INSERT INTO `as_f_administration` (`id`, `s_id`, `q1`, `q2`, `q3`, `q4`, `q5`, `sugg`) VALUES
(8, 2, 4, 4, 4, 4, 4, ''),
(9, 14, 2, 3, 2, 3, 2, ''),
(10, 5, 3, 3, 3, 3, 4, ''),
(11, 3, 3, 4, 4, 4, 1, ''),
(12, 12, 4, 4, 3, 4, 4, ''),
(13, 9, 3, 2, 3, 2, 4, ''),
(14, 15, 4, 4, 4, 4, 4, ''),
(15, 13, 2, 3, 2, 3, 3, ''),
(16, 11, 3, 2, 3, 2, 2, ''),
(17, 6, 4, 2, 4, 4, 4, ''),
(18, 10, 4, 3, 4, 4, 4, ''),
(19, 7, 4, 2, 3, 4, 2, ''),
(20, 8, 3, 3, 4, 3, 3, ''),
(21, 16, 2, 3, 2, 3, 3, ''),
(22, 4, 2, 1, 2, 2, 2, ''),
(23, 18, 3, 2, 3, 3, 3, ''),
(24, 20, 4, 4, 4, 4, 4, ''),
(25, 21, 3, 3, 3, 4, 3, ''),
(26, 19, 3, 3, 3, 3, 3, ''),
(27, 22, 2, 3, 3, 3, 3, ''),
(28, 23, 4, 3, 4, 4, 4, ''),
(29, 25, 4, 4, 4, 3, 1, ''),
(30, 1, 4, 3, 4, 3, 4, ' Excellent'),
(31, 24, 2, 2, 2, 2, 2, ''),
(32, 17, 2, 3, 3, 4, 3, ''),
(33, 26, 4, 4, 4, 4, 4, ''),
(34, 30, 2, 2, 2, 2, 2, ''),
(35, 34, 4, 4, 4, 4, 4, ''),
(36, 28, 2, 2, 2, 3, 3, ''),
(37, 27, 3, 2, 3, 3, 3, ''),
(38, 29, 2, 1, 1, 1, 1, ''),
(39, 37, 3, 4, 4, 4, 3, ''),
(40, 32, 4, 4, 4, 4, 4, 'its really good thing in the clg'),
(41, 31, 4, 3, 4, 4, 4, ''),
(42, 40, 4, 4, 4, 4, 3, ''),
(43, 41, 4, 4, 3, 3, 3, ''),
(44, 36, 3, 2, 3, 3, 2, ''),
(45, 39, 2, 3, 1, 2, 2, ''),
(46, 38, 4, 2, 3, 3, 4, ''),
(47, 33, 3, 2, 3, 2, 3, ''),
(48, 42, 2, 1, 1, 1, 2, ''),
(49, 43, 4, 3, 4, 4, 3, ''),
(50, 35, 3, 2, 4, 4, 3, ''),
(51, 45, 2, 3, 2, 2, 3, ''),
(52, 44, 2, 2, 2, 2, 2, ''),
(53, 47, 4, 4, 4, 4, 4, ''),
(54, 46, 4, 2, 3, 3, 3, ''),
(55, 55, 4, 4, 4, 4, 4, ''),
(56, 51, 3, 1, 3, 3, 3, ''),
(57, 52, 4, 4, 4, 4, 4, ''),
(58, 49, 3, 2, 3, 3, 3, ''),
(59, 58, 2, 2, 2, 4, 2, ''),
(60, 63, 4, 4, 4, 4, 4, ''),
(61, 60, 4, 1, 3, 2, 2, ''),
(62, 59, 4, 4, 4, 4, 4, 'Awesome Staff.'),
(63, 56, 3, 2, 2, 2, 3, ''),
(64, 54, 3, 2, 2, 3, 3, ''),
(65, 53, 3, 4, 2, 2, 2, ''),
(66, 61, 4, 4, 3, 4, 4, ''),
(67, 64, 4, 1, 3, 3, 2, 'specially gate security and  ladies cleaning staff'),
(68, 62, 3, 3, 3, 3, 3, ''),
(69, 65, 1, 1, 1, 1, 1, ''),
(70, 66, 2, 2, 2, 1, 1, '');

-- --------------------------------------------------------

--
-- Table structure for table `as_f_gymkhana`
--

CREATE TABLE `as_f_gymkhana` (
  `id` int(10) NOT NULL,
  `s_id` int(10) DEFAULT NULL,
  `q1` int(10) DEFAULT NULL,
  `q2` int(10) DEFAULT NULL,
  `q3` int(10) DEFAULT NULL,
  `q4` int(10) DEFAULT NULL,
  `sugg` varchar(500) DEFAULT NULL
) ENGINE=InnoDB DEFAULT CHARSET=latin1;

--
-- Dumping data for table `as_f_gymkhana`
--

INSERT INTO `as_f_gymkhana` (`id`, `s_id`, `q1`, `q2`, `q3`, `q4`, `sugg`) VALUES
(8, 2, 4, 4, 4, 4, ''),
(9, 14, 1, 2, 3, 2, ''),
(10, 5, 3, 3, 3, 4, ''),
(11, 3, 1, 4, 4, 1, ''),
(12, 12, 4, 4, 3, 4, ''),
(13, 9, 2, 2, 2, 3, ''),
(14, 15, 4, 4, 4, 4, ''),
(15, 11, 1, 1, 2, 1, ''),
(16, 13, 4, 3, 3, 2, ''),
(17, 6, 3, 4, 4, 3, ''),
(18, 10, 4, 4, 4, 4, ''),
(19, 8, 2, 2, 3, 3, ''),
(20, 7, 1, 4, 2, 2, 'No place for football!!!!'),
(21, 17, 4, 4, 4, 4, ''),
(22, 4, 2, 3, 3, 2, ''),
(23, 16, 2, 3, 3, 2, ''),
(24, 18, 2, 2, 2, 2, ''),
(25, 20, 3, 4, 4, 4, ''),
(26, 21, 3, 3, 3, 3, ''),
(27, 19, 3, 3, 3, 3, ''),
(28, 22, 3, 3, 3, 3, ''),
(29, 23, 3, 4, 4, 3, ''),
(30, 25, 3, 3, 3, 3, ''),
(31, 1, 4, 3, 3, 4, ''),
(32, 24, 2, 2, 2, 2, ''),
(33, 26, 2, 2, 2, 2, ''),
(34, 30, 3, 3, 2, 1, ''),
(35, 34, 3, 4, 4, 2, ''),
(36, 28, 2, 3, 3, 2, ''),
(37, 27, 2, 1, 1, 1, ''),
(38, 29, 1, 1, 1, 1, ''),
(39, 37, 3, 3, 3, 3, ''),
(40, 32, 1, 1, 1, 1, ''),
(41, 31, 2, 3, 3, 4, 'Time management for IT department\r\ntheir is not gi'),
(42, 40, 2, 1, 2, 3, ''),
(43, 41, 2, 2, 2, 2, ''),
(44, 36, 2, 1, 2, 2, ''),
(45, 39, 1, 1, 1, 1, ''),
(46, 38, 2, 2, 2, 3, ''),
(47, 33, 1, 2, 1, 1, ''),
(48, 42, 1, 1, 1, 1, ''),
(49, 43, 1, 1, 1, 1, 'they connot aford the time\r\n'),
(50, 35, 1, 2, 1, 1, 'make proper time table considering IT students.'),
(51, 45, 1, 1, 1, 1, ''),
(52, 44, 1, 1, 1, 1, ''),
(53, 47, 2, 3, 2, 3, ''),
(54, 46, 2, 3, 1, 1, 'College ground should be available to all students'),
(55, 51, 1, 1, 1, 1, ''),
(56, 55, 3, 3, 3, 3, ''),
(57, 52, 4, 4, 4, 4, 'All Are Good And Supportive'),
(58, 49, 3, 3, 2, 2, ''),
(59, 58, 3, 2, 3, 1, ''),
(60, 63, 4, 3, 4, 3, ''),
(61, 60, 2, 2, 1, 2, ''),
(62, 56, 2, 2, 2, 2, ''),
(63, 54, 2, 2, 2, 3, ''),
(64, 59, 4, 4, 4, 4, 'All Good With Gymkhana '),
(65, 53, 2, 2, 3, 1, ''),
(66, 61, 4, 3, 4, 3, 'just go and play'),
(67, 64, 2, 2, 1, 2, ''),
(68, 62, 2, 1, 2, 3, ''),
(69, 65, 2, 1, 1, 1, 'not even permitted to play in the gymkhana.....eve'),
(70, 66, 2, 2, 2, 2, '');

-- --------------------------------------------------------

--
-- Table structure for table `as_f_infrastucture`
--

CREATE TABLE `as_f_infrastucture` (
  `id` int(10) NOT NULL,
  `s_id` int(10) DEFAULT NULL,
  `q1` int(10) DEFAULT NULL,
  `q2` int(10) DEFAULT NULL,
  `q3` int(10) DEFAULT NULL,
  `q4` int(10) DEFAULT NULL,
  `sugg` varchar(500) DEFAULT NULL
) ENGINE=InnoDB DEFAULT CHARSET=latin1;

--
-- Dumping data for table `as_f_infrastucture`
--

INSERT INTO `as_f_infrastucture` (`id`, `s_id`, `q1`, `q2`, `q3`, `q4`, `sugg`) VALUES
(8, 2, 4, 4, 4, 4, ''),
(9, 14, 2, 3, 2, 3, ''),
(10, 5, 3, 2, 3, 1, ''),
(11, 3, 4, 1, 1, 1, ''),
(12, 9, 2, 2, 2, 2, ''),
(13, 12, 3, 3, 3, 2, ''),
(14, 15, 4, 3, 4, 4, ''),
(15, 11, 3, 3, 3, 3, ''),
(16, 6, 3, 1, 1, 1, ''),
(17, 4, 3, 1, 3, 2, ''),
(18, 13, 3, 4, 4, 4, ''),
(19, 7, 1, 1, 2, 1, 'Clean The Classrooms And Repair Them'),
(20, 10, 3, 3, 4, 3, ''),
(21, 8, 2, 1, 2, 3, ''),
(22, 17, 2, 2, 2, 2, ''),
(23, 16, 2, 1, 2, 2, ''),
(24, 18, 3, 3, 3, 3, ''),
(25, 20, 4, 4, 4, 4, ''),
(26, 21, 2, 4, 3, 4, ''),
(27, 19, 3, 3, 3, 3, ''),
(28, 22, 1, 3, 4, 4, ''),
(29, 23, 3, 2, 3, 3, ''),
(30, 25, 3, 3, 3, 3, ''),
(31, 1, 4, 3, 3, 3, ''),
(32, 24, 3, 4, 3, 4, ''),
(33, 30, 1, 1, 1, 1, 'please set the proper boys comman room'),
(34, 26, 3, 3, 2, 2, ''),
(35, 34, 2, 2, 4, 1, ''),
(36, 28, 2, 2, 2, 1, ''),
(37, 27, 2, 2, 2, 2, ''),
(38, 31, 3, 2, 3, 1, 'please keep different drinking water for IT depart'),
(39, 32, 1, 1, 2, 1, 'please have some management of lectures and proper'),
(40, 29, 1, 1, 2, 1, 'improve girls toilet and the conditions of class. '),
(41, 37, 2, 2, 4, 1, ''),
(42, 40, 3, 3, 3, 3, ''),
(43, 41, 3, 3, 3, 1, ''),
(44, 36, 2, 1, 2, 1, ''),
(45, 39, 1, 1, 1, 1, ''),
(46, 38, 3, 3, 3, 2, ''),
(47, 33, 1, 1, 1, 1, ''),
(48, 35, 3, 1, 2, 2, 'Less reference  books are available in library . O'),
(49, 42, 3, 3, 2, 1, ''),
(50, 43, 1, 1, 1, 1, ''),
(51, 45, 3, 1, 1, 1, ''),
(52, 44, 1, 1, 1, 1, ''),
(53, 46, 3, 2, 3, 2, ''),
(54, 47, 3, 2, 3, 2, ''),
(55, 52, 4, 3, 4, 1, ''),
(56, 51, 1, 1, 1, 1, ''),
(57, 55, 4, 3, 4, 4, ''),
(58, 49, 3, 3, 3, 2, ''),
(59, 58, 3, 2, 3, 2, ''),
(60, 60, 2, 1, 2, 1, ''),
(61, 63, 4, 3, 3, 3, ''),
(62, 59, 3, 3, 4, 1, ''),
(63, 56, 3, 3, 3, 3, ''),
(64, 54, 3, 3, 3, 3, ''),
(65, 53, 4, 4, 3, 3, 'Attitiude of LIbrarians is rude which suppose to b'),
(66, 62, 3, 3, 2, 2, ''),
(67, 61, 3, 1, 3, 1, 'boys common room is not at all common.......its FA'),
(68, 64, 2, 1, 2, 1, ''),
(69, 65, 1, 1, 1, 1, 'the dirtiest toilets in this world belong to this '),
(70, 66, 2, 1, 2, 1, '');

-- --------------------------------------------------------

--
-- Table structure for table `as_f_library`
--

CREATE TABLE `as_f_library` (
  `id` int(10) NOT NULL,
  `s_id` int(10) DEFAULT NULL,
  `q1` int(10) DEFAULT NULL,
  `q2` int(10) DEFAULT NULL,
  `q3` int(10) DEFAULT NULL,
  `q4` int(10) DEFAULT NULL,
  `sugg` varchar(500) DEFAULT NULL
) ENGINE=InnoDB DEFAULT CHARSET=latin1;

--
-- Dumping data for table `as_f_library`
--

INSERT INTO `as_f_library` (`id`, `s_id`, `q1`, `q2`, `q3`, `q4`, `sugg`) VALUES
(8, 2, 4, 4, 4, 4, ''),
(9, 14, 2, 3, 2, 3, ''),
(10, 5, 3, 4, 3, 2, ''),
(11, 3, 1, 4, 2, 1, ''),
(12, 9, 4, 3, 3, 2, ''),
(13, 12, 4, 2, 4, 4, ''),
(14, 15, 4, 4, 4, 4, ''),
(15, 11, 2, 2, 2, 2, ''),
(16, 6, 2, 2, 2, 2, ''),
(17, 13, 4, 2, 3, 4, ''),
(18, 7, 1, 1, 1, 2, ''),
(19, 10, 4, 4, 4, 3, ''),
(20, 4, 3, 3, 2, 1, ''),
(21, 8, 3, 3, 2, 2, ''),
(22, 17, 2, 2, 2, 2, ''),
(23, 16, 3, 2, 3, 2, ''),
(24, 18, 2, 3, 3, 3, ''),
(25, 20, 4, 4, 4, 4, ''),
(26, 21, 4, 4, 4, 4, ''),
(27, 19, 3, 3, 3, 3, ''),
(28, 22, 2, 2, 1, 2, ''),
(29, 23, 3, 3, 4, 3, ''),
(30, 25, 3, 3, 3, 3, ''),
(31, 1, 4, 3, 3, 3, ''),
(32, 24, 4, 2, 2, 2, ''),
(33, 26, 2, 2, 2, 2, ''),
(34, 30, 1, 1, 1, 1, 'books are not available,reading room is not a give'),
(35, 34, 1, 2, 2, 1, ''),
(36, 28, 2, 2, 2, 2, ''),
(37, 27, 2, 2, 1, 1, ''),
(38, 31, 1, 1, 1, 1, 'please provide proper books for IT department\r\nIn '),
(39, 29, 1, 1, 1, 1, ''),
(40, 37, 2, 3, 2, 1, ''),
(41, 32, 1, 1, 1, 1, 'please allow the students to sit and read properly'),
(42, 40, 1, 3, 4, 3, 'change the staff'),
(43, 36, 1, 2, 1, 1, ''),
(44, 41, 2, 3, 3, 2, ''),
(45, 39, 1, 1, 2, 4, ''),
(46, 38, 2, 2, 2, 1, ''),
(47, 33, 1, 1, 1, 1, 'Slow response from library staff'),
(48, 35, 1, 3, 1, 2, 'keep more copies of latest reference books and not'),
(49, 42, 1, 1, 1, 1, ''),
(50, 43, 1, 1, 1, 1, 'they are very bad to replying for  the dought'),
(51, 45, 2, 4, 2, 3, ''),
(52, 44, 1, 2, 1, 4, ''),
(53, 47, 1, 2, 2, 3, ''),
(54, 46, 2, 3, 2, 2, ''),
(55, 51, 1, 3, 1, 1, ''),
(56, 55, 3, 3, 3, 3, ''),
(57, 52, 1, 1, 1, 1, 'we need our own BSC IT Department Library.....Libr'),
(58, 49, 1, 2, 2, 1, ''),
(59, 58, 1, 1, 1, 1, ''),
(60, 63, 3, 4, 3, 3, ''),
(61, 60, 1, 1, 1, 1, 'Always gives reason for providing the book to stud'),
(62, 56, 3, 2, 2, 2, ''),
(63, 54, 2, 3, 2, 1, ''),
(64, 59, 2, 1, 2, 1, 'Attitude Need To Be Improved Of Some librarian Not'),
(65, 53, 1, 3, 3, 1, ''),
(66, 61, 1, 3, 2, 2, 'good enough but ,,, we not helping us to improve  '),
(67, 64, 1, 1, 1, 1, ''),
(68, 62, 2, 3, 2, 1, 'Behaviour should be good towards students'),
(69, 65, 1, 3, 1, 1, 'library staff is least interested in helping us ..'),
(70, 66, 2, 2, 3, 2, '');

-- --------------------------------------------------------

--
-- Table structure for table `as_f_ncc`
--

CREATE TABLE `as_f_ncc` (
  `id` int(10) NOT NULL,
  `s_id` int(10) DEFAULT NULL,
  `q1` int(10) DEFAULT NULL,
  `q2` int(10) DEFAULT NULL,
  `q3` int(10) DEFAULT NULL,
  `q4` int(10) DEFAULT NULL,
  `sugg` varchar(500) DEFAULT NULL
) ENGINE=InnoDB DEFAULT CHARSET=latin1;

--
-- Dumping data for table `as_f_ncc`
--

INSERT INTO `as_f_ncc` (`id`, `s_id`, `q1`, `q2`, `q3`, `q4`, `sugg`) VALUES
(8, 2, 4, 4, 4, 4, ''),
(9, 14, 2, 2, 2, 2, ''),
(10, 5, 3, 2, 3, 2, ''),
(11, 12, 2, 3, 3, 3, ''),
(12, 3, 1, 1, 1, 1, ''),
(13, 15, 4, 4, 4, 4, ''),
(14, 9, 2, 2, 2, 2, ''),
(15, 13, 2, 2, 2, 3, ''),
(16, 11, 2, 2, 2, 2, ''),
(17, 6, 2, 2, 3, 3, ''),
(18, 10, 1, 1, 1, 1, ''),
(19, 18, 2, 2, 2, 2, ''),
(20, 8, 3, 3, 3, 2, ''),
(21, 20, 4, 4, 4, 4, ''),
(22, 4, 1, 1, 1, 1, ''),
(23, 16, 1, 1, 1, 1, ''),
(24, 7, 4, 4, 4, 2, ''),
(25, 21, 3, 3, 4, 3, ''),
(26, 19, 3, 3, 3, 3, ''),
(27, 22, 1, 1, 1, 1, ''),
(28, 23, 4, 4, 4, 3, ''),
(29, 25, 4, 4, 4, 4, ''),
(30, 1, 4, 3, 4, 3, ''),
(31, 24, 3, 2, 3, 2, ''),
(32, 17, 2, 2, 2, 2, ''),
(33, 26, 3, 3, 3, 3, ''),
(34, 34, 2, 2, 2, 2, ''),
(35, 30, 3, 3, 3, 3, ''),
(36, 28, 2, 2, 2, 2, ''),
(37, 27, 2, 2, 2, 2, ''),
(38, 37, 2, 2, 2, 2, ''),
(39, 29, 1, 1, 1, 1, ''),
(40, 32, 2, 2, 2, 2, ''),
(41, 31, 4, 2, 3, 2, ''),
(42, 40, 2, 2, 2, 2, ''),
(43, 41, 2, 2, 2, 2, ''),
(44, 36, 3, 2, 2, 2, ''),
(45, 39, 2, 1, 2, 1, ''),
(46, 38, 3, 3, 2, 2, ''),
(47, 33, 2, 3, 3, 3, ''),
(48, 42, 2, 3, 2, 3, ''),
(49, 43, 2, 2, 2, 2, ''),
(50, 35, 2, 2, 2, 3, ''),
(51, 45, 1, 1, 1, 1, ''),
(52, 44, 1, 1, 1, 1, ''),
(53, 47, 2, 3, 2, 2, ''),
(54, 46, 2, 2, 2, 2, ''),
(55, 55, 4, 4, 4, 3, ''),
(56, 51, 2, 2, 2, 2, ''),
(57, 52, 1, 1, 1, 1, ''),
(58, 58, 3, 4, 3, 4, ''),
(59, 49, 1, 3, 2, 3, ''),
(60, 63, 3, 2, 1, 3, ''),
(61, 60, 4, 4, 4, 4, ''),
(62, 59, 3, 4, 3, 2, ''),
(63, 54, 4, 4, 4, 4, ''),
(64, 56, 4, 3, 3, 3, ''),
(65, 53, 3, 3, 3, 3, ''),
(66, 61, 2, 2, 2, 1, ''),
(67, 64, 4, 4, 4, 4, ''),
(68, 62, 4, 3, 3, 3, ''),
(69, 65, 2, 2, 2, 2, ''),
(70, 66, 3, 2, 1, 2, '');

-- --------------------------------------------------------

--
-- Table structure for table `as_f_principal`
--

CREATE TABLE `as_f_principal` (
  `id` int(10) NOT NULL,
  `s_id` int(10) DEFAULT NULL,
  `q1` int(10) DEFAULT NULL,
  `q2` int(10) DEFAULT NULL,
  `q3` int(10) DEFAULT NULL,
  `q4` int(10) DEFAULT NULL
) ENGINE=InnoDB DEFAULT CHARSET=latin1;

--
-- Dumping data for table `as_f_principal`
--

INSERT INTO `as_f_principal` (`id`, `s_id`, `q1`, `q2`, `q3`, `q4`) VALUES
(8, 2, 4, 4, 4, 4),
(9, 5, 3, 4, 3, 4),
(10, 14, 2, 2, 3, 1),
(11, 3, 4, 2, 1, 4),
(12, 9, 3, 4, 2, 4),
(13, 12, 4, 4, 4, 4),
(14, 7, 3, 4, 4, 4),
(15, 15, 4, 4, 4, 4),
(16, 11, 3, 4, 3, 4),
(17, 6, 3, 3, 2, 4),
(18, 4, 3, 3, 3, 3),
(19, 13, 4, 4, 4, 3),
(20, 8, 4, 3, 4, 3),
(21, 10, 4, 4, 4, 4),
(22, 17, 2, 3, 4, 4),
(23, 16, 3, 3, 2, 3),
(24, 18, 2, 2, 3, 3),
(25, 20, 4, 4, 4, 4),
(26, 19, 4, 4, 4, 4),
(27, 21, 4, 3, 3, 4),
(28, 23, 3, 3, 4, 4),
(29, 22, 1, 1, 1, 1),
(30, 25, 2, 1, 2, 4),
(31, 1, 1, 2, 3, 4),
(32, 24, 4, 3, 4, 3),
(33, 30, 2, 2, 2, 2),
(34, 26, 4, 4, 4, 4),
(35, 34, 3, 4, 3, 4),
(36, 28, 2, 2, 2, 2),
(37, 31, 2, 2, 2, 4),
(38, 27, 2, 2, 2, 2),
(39, 32, 2, 2, 2, 2),
(40, 29, 2, 2, 2, 2),
(41, 37, 4, 4, 4, 4),
(42, 35, 3, 3, 3, 3),
(43, 40, 3, 3, 2, 4),
(44, 36, 2, 2, 2, 2),
(45, 41, 4, 4, 4, 4),
(46, 33, 2, 2, 1, 1),
(47, 39, 2, 1, 1, 2),
(48, 38, 2, 2, 2, 3),
(49, 42, 3, 2, 3, 4),
(50, 43, 1, 1, 1, 1),
(51, 45, 3, 2, 2, 2),
(52, 44, 1, 2, 1, 2),
(53, 46, 3, 3, 2, 4),
(54, 47, 3, 2, 3, 3),
(55, 52, 1, 1, 1, 1),
(56, 51, 3, 3, 1, 4),
(57, 55, 4, 3, 4, 3),
(58, 49, 4, 4, 4, 4),
(59, 58, 4, 3, 4, 4),
(60, 60, 3, 3, 2, 1),
(61, 53, 4, 4, 4, 4),
(62, 63, 4, 4, 4, 4),
(63, 56, 4, 4, 4, 4),
(64, 54, 4, 4, 4, 4),
(65, 59, 1, 1, 1, 1),
(66, 61, 1, 2, 1, 2),
(67, 62, 3, 3, 3, 3),
(68, 64, 2, 3, 2, 3),
(69, 65, 1, 1, 1, 1),
(70, 66, 3, 2, 2, 1);

-- --------------------------------------------------------

--
-- Table structure for table `as_f_teacher`
--

CREATE TABLE `as_f_teacher` (
  `id` int(10) NOT NULL,
  `t_id` int(10) DEFAULT NULL,
  `s_id` int(10) DEFAULT NULL,
  `q1` int(10) DEFAULT NULL,
  `q2` int(10) DEFAULT NULL,
  `q3` int(10) DEFAULT NULL,
  `q4` int(10) DEFAULT NULL,
  `q5` int(10) DEFAULT NULL,
  `q6` int(10) DEFAULT NULL,
  `q7` int(10) DEFAULT NULL,
  `q8` int(10) DEFAULT NULL,
  `q9` int(10) DEFAULT NULL,
  `q10` int(10) DEFAULT NULL
) ENGINE=InnoDB DEFAULT CHARSET=latin1;

--
-- Dumping data for table `as_f_teacher`
--

INSERT INTO `as_f_teacher` (`id`, `t_id`, `s_id`, `q1`, `q2`, `q3`, `q4`, `q5`, `q6`, `q7`, `q8`, `q9`, `q10`) VALUES
(40, 2, 2, 4, 4, 4, 4, 4, 4, 4, 4, 4, 4),
(41, 3, 2, 4, 4, 4, 4, 4, 4, 4, 4, 4, 4),
(42, 4, 2, 4, 4, 4, 4, 4, 4, 4, 4, 4, 4),
(43, 5, 2, 4, 4, 4, 4, 4, 4, 4, 4, 4, 4),
(44, 1, 7, 4, 4, 4, 4, 3, 2, 2, 2, 4, 4),
(45, 1, 2, 4, 4, 4, 4, 4, 4, 4, 4, 4, 4),
(46, 1, 6, 3, 4, 3, 4, 4, 4, 4, 4, 3, 3),
(47, 1, 5, 3, 4, 4, 4, 4, 4, 4, 4, 4, 4),
(48, 2, 7, 4, 4, 4, 4, 3, 4, 1, 2, 4, 4),
(49, 2, 5, 4, 4, 4, 4, 4, 4, 3, 4, 4, 4),
(50, 5, 4, 3, 2, 2, 4, 2, 4, 3, 4, 4, 4),
(51, 1, 11, 3, 3, 4, 3, 2, 3, 3, 3, 4, 4),
(52, 1, 3, 4, 3, 4, 3, 1, 2, 1, 4, 3, 2),
(53, 2, 3, 4, 4, 4, 4, 4, 4, 4, 4, 4, 4),
(54, 1, 9, 3, 2, 2, 3, 2, 3, 3, 2, 4, 2),
(55, 2, 6, 4, 4, 4, 4, 3, 4, 4, 3, 4, 4),
(56, 3, 5, 4, 4, 4, 4, 4, 2, 4, 4, 4, 4),
(57, 3, 3, 4, 3, 4, 3, 3, 4, 3, 4, 3, 4),
(58, 1, 14, 2, 2, 3, 3, 2, 2, 3, 2, 3, 2),
(59, 4, 5, 4, 4, 4, 4, 4, 4, 4, 4, 4, 4),
(60, 1, 12, 4, 4, 4, 4, 3, 4, 4, 4, 3, 3),
(61, 1, 10, 4, 3, 3, 4, 4, 4, 4, 4, 3, 3),
(62, 4, 3, 4, 3, 3, 3, 3, 4, 3, 4, 4, 4),
(63, 2, 9, 3, 2, 3, 3, 2, 3, 4, 2, 3, 4),
(64, 2, 14, 3, 2, 2, 3, 2, 2, 3, 2, 3, 2),
(65, 3, 9, 2, 2, 2, 2, 2, 2, 2, 2, 2, 2),
(66, 2, 8, 4, 4, 4, 4, 3, 4, 3, 4, 4, 4),
(67, 1, 13, 4, 4, 3, 4, 4, 3, 4, 4, 4, 4),
(68, 5, 3, 3, 4, 2, 3, 3, 4, 2, 4, 3, 4),
(69, 1, 4, 3, 2, 1, 3, 2, 2, 3, 4, 3, 3),
(70, 3, 7, 4, 4, 2, 4, 1, 1, 1, 4, 3, 4),
(71, 3, 14, 2, 3, 2, 3, 2, 3, 2, 3, 2, 3),
(72, 2, 11, 4, 4, 3, 4, 3, 4, 3, 4, 4, 4),
(73, 5, 5, 3, 4, 3, 4, 3, 3, 4, 4, 3, 4),
(74, 4, 14, 3, 2, 2, 2, 3, 3, 2, 2, 2, 3),
(75, 4, 7, 4, 4, 4, 4, 4, 4, 4, 4, 3, 4),
(76, 3, 6, 3, 3, 4, 3, 4, 3, 3, 3, 3, 3),
(77, 1, 15, 4, 4, 4, 4, 4, 4, 4, 4, 4, 4),
(78, 4, 9, 4, 2, 3, 3, 2, 4, 4, 4, 3, 4),
(79, 2, 12, 3, 4, 4, 3, 3, 3, 4, 4, 4, 2),
(80, 1, 8, 4, 4, 4, 3, 3, 3, 3, 4, 4, 4),
(81, 5, 14, 3, 3, 2, 2, 3, 2, 3, 2, 3, 2),
(82, 5, 9, 3, 2, 3, 3, 3, 2, 3, 3, 2, 4),
(83, 5, 7, 4, 3, 3, 4, 4, 4, 4, 4, 4, 4),
(84, 2, 15, 4, 4, 4, 4, 4, 4, 4, 4, 4, 3),
(85, 2, 13, 4, 4, 4, 4, 4, 3, 3, 2, 3, 4),
(86, 3, 12, 4, 4, 3, 3, 3, 4, 4, 3, 4, 2),
(87, 2, 4, 4, 3, 3, 4, 3, 3, 2, 4, 4, 4),
(88, 4, 12, 4, 4, 4, 4, 4, 4, 4, 4, 4, 4),
(89, 3, 8, 4, 4, 3, 3, 3, 3, 3, 3, 3, 4),
(90, 3, 15, 4, 4, 4, 4, 4, 4, 4, 4, 4, 4),
(91, 3, 11, 3, 4, 3, 4, 3, 3, 3, 4, 4, 4),
(92, 1, 16, 3, 2, 2, 4, 3, 3, 2, 3, 4, 3),
(93, 4, 6, 4, 4, 4, 3, 3, 4, 2, 4, 2, 4),
(94, 5, 12, 4, 3, 3, 4, 4, 4, 4, 4, 3, 4),
(95, 4, 15, 4, 4, 4, 4, 4, 4, 4, 4, 4, 4),
(96, 4, 8, 3, 3, 3, 3, 3, 3, 3, 4, 4, 4),
(97, 5, 15, 4, 4, 4, 4, 4, 4, 4, 4, 4, 4),
(98, 3, 13, 3, 4, 4, 3, 4, 4, 3, 3, 2, 3),
(99, 2, 10, 4, 4, 3, 4, 4, 4, 4, 4, 4, 4),
(100, 4, 11, 3, 3, 3, 3, 3, 3, 3, 3, 4, 4),
(101, 3, 4, 3, 2, 2, 4, 3, 3, 4, 3, 4, 4),
(102, 4, 13, 4, 4, 4, 4, 3, 4, 4, 4, 4, 3),
(103, 3, 10, 4, 4, 4, 4, 4, 4, 4, 4, 4, 4),
(104, 5, 8, 4, 4, 4, 4, 3, 3, 3, 4, 3, 4),
(105, 5, 11, 3, 3, 3, 4, 3, 3, 3, 3, 4, 4),
(106, 5, 6, 4, 2, 3, 3, 3, 4, 3, 2, 3, 2),
(107, 4, 10, 4, 4, 4, 4, 4, 4, 4, 4, 4, 4),
(108, 2, 16, 3, 2, 3, 3, 3, 3, 2, 3, 4, 3),
(109, 5, 13, 3, 4, 4, 4, 3, 4, 3, 2, 4, 3),
(110, 4, 4, 4, 4, 4, 4, 3, 4, 4, 4, 4, 4),
(111, 5, 10, 4, 4, 4, 4, 4, 4, 4, 4, 4, 4),
(112, 1, 17, 3, 3, 3, 3, 3, 3, 2, 2, 2, 2),
(113, 2, 17, 3, 3, 2, 4, 3, 4, 4, 4, 2, 4),
(114, 3, 16, 3, 2, 4, 3, 2, 3, 3, 2, 3, 3),
(115, 3, 17, 3, 3, 3, 3, 3, 3, 2, 3, 3, 2),
(116, 4, 17, 1, 1, 1, 1, 1, 1, 1, 1, 1, 1),
(117, 4, 16, 4, 2, 3, 4, 3, 2, 3, 3, 3, 3),
(118, 5, 17, 2, 3, 1, 2, 1, 2, 1, 2, 4, 4),
(119, 5, 16, 4, 3, 3, 4, 4, 3, 2, 4, 4, 4),
(120, 1, 18, 3, 3, 3, 3, 2, 4, 3, 3, 3, 3),
(121, 2, 18, 3, 4, 4, 3, 3, 3, 4, 4, 4, 4),
(122, 1, 20, 4, 4, 4, 4, 4, 4, 4, 4, 4, 4),
(123, 3, 18, 3, 3, 3, 2, 2, 2, 2, 3, 2, 3),
(124, 2, 20, 4, 4, 4, 4, 4, 4, 4, 4, 4, 4),
(125, 4, 18, 2, 3, 2, 2, 3, 3, 2, 2, 2, 3),
(126, 3, 20, 4, 4, 4, 4, 4, 4, 4, 4, 4, 4),
(127, 5, 18, 3, 3, 2, 3, 3, 3, 2, 2, 3, 3),
(128, 4, 20, 4, 4, 4, 4, 4, 4, 4, 4, 4, 4),
(129, 5, 20, 4, 4, 4, 4, 4, 4, 4, 4, 4, 4),
(130, 1, 19, 3, 3, 3, 3, 3, 3, 3, 3, 3, 3),
(131, 1, 21, 4, 4, 4, 4, 4, 4, 4, 4, 4, 4),
(132, 2, 19, 4, 4, 4, 4, 4, 4, 4, 4, 4, 4),
(133, 3, 19, 3, 3, 3, 3, 3, 3, 3, 3, 3, 3),
(134, 4, 19, 3, 3, 3, 3, 3, 3, 3, 3, 3, 3),
(135, 1, 23, 3, 3, 4, 4, 4, 3, 4, 4, 3, 3),
(136, 5, 19, 3, 3, 3, 3, 3, 3, 3, 3, 3, 3),
(137, 5, 22, 2, 3, 2, 4, 4, 2, 2, 4, 4, 4),
(138, 2, 21, 4, 3, 4, 4, 3, 4, 4, 4, 4, 4),
(139, 2, 23, 3, 3, 3, 4, 3, 3, 3, 4, 4, 4),
(140, 3, 21, 3, 4, 4, 4, 4, 4, 4, 4, 4, 4),
(141, 4, 21, 4, 4, 4, 4, 4, 4, 4, 4, 4, 4),
(142, 1, 22, 1, 1, 1, 1, 1, 1, 1, 1, 2, 1),
(143, 5, 21, 4, 4, 4, 4, 4, 4, 4, 4, 4, 4),
(144, 3, 23, 4, 3, 3, 4, 4, 3, 3, 4, 4, 4),
(145, 4, 22, 4, 4, 4, 3, 3, 3, 3, 3, 3, 3),
(146, 4, 23, 3, 4, 3, 4, 3, 3, 3, 4, 4, 4),
(147, 2, 22, 3, 3, 3, 3, 3, 2, 3, 3, 3, 4),
(148, 5, 23, 3, 3, 4, 4, 4, 3, 3, 4, 4, 4),
(149, 3, 22, 1, 2, 2, 2, 1, 1, 1, 1, 1, 1),
(150, 1, 25, 2, 2, 2, 2, 2, 2, 2, 3, 4, 4),
(151, 2, 25, 4, 4, 4, 4, 4, 4, 4, 4, 4, 4),
(152, 3, 25, 2, 1, 2, 2, 3, 1, 1, 2, 4, 4),
(153, 4, 25, 4, 4, 4, 4, 4, 4, 4, 4, 4, 4),
(154, 5, 25, 2, 2, 3, 2, 3, 1, 1, 1, 4, 4),
(155, 1, 1, 4, 3, 2, 2, 2, 2, 2, 2, 2, 2),
(156, 2, 1, 3, 3, 3, 3, 3, 2, 3, 2, 3, 2),
(157, 3, 1, 4, 3, 2, 3, 4, 3, 2, 3, 4, 3),
(158, 4, 1, 1, 2, 2, 2, 1, 2, 2, 2, 1, 2),
(159, 5, 1, 2, 3, 2, 3, 2, 3, 2, 2, 2, 2),
(160, 1, 24, 3, 4, 3, 2, 3, 4, 3, 2, 3, 4),
(161, 2, 24, 3, 4, 3, 2, 3, 4, 3, 2, 3, 4),
(162, 3, 24, 4, 3, 4, 3, 2, 3, 4, 3, 2, 3),
(163, 4, 24, 1, 2, 1, 2, 1, 1, 1, 1, 2, 1),
(164, 5, 24, 4, 3, 2, 3, 4, 3, 2, 3, 4, 3),
(165, 6, 30, 4, 4, 4, 4, 4, 4, 4, 4, 4, 4),
(166, 6, 26, 4, 4, 4, 4, 4, 4, 4, 4, 4, 4),
(167, 6, 28, 3, 3, 2, 4, 3, 3, 2, 3, 3, 3),
(168, 6, 27, 3, 3, 2, 3, 2, 3, 3, 3, 2, 2),
(169, 7, 30, 2, 2, 1, 2, 1, 1, 2, 1, 1, 1),
(170, 8, 30, 3, 3, 3, 3, 2, 4, 3, 4, 3, 4),
(171, 6, 31, 4, 3, 3, 4, 3, 3, 3, 2, 4, 4),
(172, 6, 29, 3, 4, 2, 3, 3, 4, 2, 2, 3, 3),
(173, 7, 26, 3, 3, 3, 4, 3, 4, 4, 4, 4, 4),
(174, 9, 30, 3, 4, 4, 4, 4, 3, 4, 3, 3, 3),
(175, 8, 26, 3, 3, 3, 3, 3, 3, 3, 3, 3, 3),
(176, 7, 28, 3, 3, 3, 3, 2, 3, 3, 3, 3, 3),
(177, 10, 30, 3, 4, 4, 4, 4, 4, 4, 4, 4, 4),
(178, 7, 31, 4, 4, 4, 4, 2, 3, 3, 2, 4, 4),
(179, 8, 28, 3, 2, 3, 3, 3, 3, 2, 3, 3, 3),
(180, 7, 27, 4, 3, 3, 4, 3, 3, 2, 3, 3, 3),
(181, 9, 26, 4, 3, 3, 4, 3, 4, 3, 3, 4, 4),
(182, 8, 31, 4, 4, 4, 4, 4, 4, 4, 4, 4, 4),
(183, 9, 28, 3, 3, 2, 3, 3, 3, 3, 3, 3, 3),
(184, 9, 31, 4, 4, 4, 4, 4, 4, 3, 2, 4, 4),
(185, 10, 26, 4, 3, 4, 4, 4, 3, 4, 3, 4, 4),
(186, 8, 27, 3, 2, 2, 3, 2, 2, 3, 2, 3, 3),
(187, 6, 34, 3, 4, 3, 4, 3, 4, 3, 4, 3, 4),
(188, 7, 34, 3, 4, 3, 4, 3, 4, 3, 4, 3, 4),
(189, 9, 27, 4, 3, 4, 3, 3, 3, 3, 3, 3, 2),
(190, 8, 34, 3, 4, 3, 4, 3, 4, 3, 4, 3, 4),
(191, 7, 29, 3, 3, 3, 2, 2, 2, 2, 2, 2, 2),
(192, 6, 32, 2, 2, 2, 2, 2, 2, 2, 2, 2, 4),
(193, 10, 28, 3, 3, 3, 4, 3, 2, 3, 3, 3, 3),
(194, 10, 31, 4, 2, 2, 4, 4, 4, 4, 4, 2, 3),
(195, 9, 34, 3, 4, 3, 4, 3, 4, 3, 4, 3, 4),
(196, 10, 34, 3, 4, 3, 4, 3, 4, 3, 4, 3, 4),
(197, 10, 27, 3, 3, 2, 3, 2, 3, 3, 2, 3, 3),
(198, 7, 32, 2, 3, 2, 3, 2, 2, 2, 2, 2, 2),
(199, 8, 29, 3, 2, 2, 3, 2, 3, 2, 2, 3, 4),
(200, 6, 33, 4, 4, 4, 4, 3, 3, 3, 3, 3, 3),
(201, 6, 35, 4, 4, 3, 4, 3, 3, 3, 3, 3, 2),
(202, 9, 29, 3, 3, 3, 3, 3, 3, 3, 3, 3, 3),
(203, 8, 32, 2, 3, 3, 3, 3, 2, 3, 4, 3, 3),
(204, 9, 32, 4, 4, 4, 4, 4, 4, 4, 4, 4, 4),
(205, 7, 33, 3, 3, 3, 3, 2, 3, 2, 3, 3, 3),
(206, 10, 29, 2, 3, 2, 2, 2, 3, 2, 2, 2, 2),
(207, 6, 37, 4, 4, 4, 4, 4, 4, 4, 4, 4, 4),
(208, 10, 32, 2, 2, 2, 2, 2, 2, 2, 2, 2, 2),
(209, 7, 37, 3, 4, 3, 4, 4, 4, 4, 4, 4, 4),
(210, 8, 37, 4, 3, 3, 4, 4, 3, 3, 3, 4, 4),
(211, 6, 36, 2, 2, 2, 2, 1, 2, 1, 1, 4, 1),
(212, 9, 37, 3, 3, 4, 4, 3, 3, 4, 4, 3, 3),
(213, 7, 35, 4, 4, 3, 4, 4, 2, 3, 3, 4, 3),
(214, 10, 37, 2, 2, 2, 3, 2, 3, 2, 3, 2, 3),
(215, 7, 36, 4, 3, 1, 3, 2, 2, 3, 2, 2, 1),
(216, 8, 35, 4, 4, 4, 4, 4, 3, 4, 4, 4, 2),
(217, 8, 33, 3, 2, 2, 3, 2, 2, 2, 3, 3, 2),
(218, 6, 38, 4, 3, 4, 4, 4, 4, 4, 3, 4, 4),
(219, 9, 35, 4, 4, 4, 4, 3, 4, 4, 3, 3, 4),
(220, 8, 36, 2, 2, 1, 2, 1, 2, 1, 2, 2, 1),
(221, 9, 33, 4, 4, 4, 4, 3, 4, 3, 3, 3, 3),
(222, 10, 35, 3, 3, 4, 3, 4, 3, 3, 4, 2, 3),
(223, 7, 38, 4, 3, 4, 4, 4, 3, 3, 2, 3, 3),
(224, 6, 40, 3, 3, 3, 2, 4, 4, 3, 4, 3, 2),
(225, 9, 36, 4, 2, 2, 3, 2, 2, 4, 2, 3, 1),
(226, 7, 40, 3, 3, 3, 4, 3, 3, 4, 3, 4, 4),
(227, 6, 39, 2, 2, 1, 4, 2, 1, 2, 3, 4, 3),
(228, 8, 40, 3, 2, 4, 3, 3, 4, 4, 4, 4, 4),
(229, 9, 40, 4, 4, 4, 4, 4, 4, 4, 4, 4, 4),
(230, 7, 39, 4, 2, 3, 3, 2, 3, 3, 3, 4, 2),
(231, 10, 40, 1, 1, 1, 1, 1, 1, 1, 2, 1, 1),
(232, 6, 41, 4, 4, 4, 4, 4, 4, 4, 4, 4, 4),
(233, 8, 38, 4, 3, 3, 3, 3, 3, 2, 3, 4, 3),
(234, 7, 41, 4, 4, 4, 4, 4, 4, 4, 4, 4, 4),
(235, 8, 39, 2, 3, 2, 2, 2, 2, 2, 3, 2, 4),
(236, 8, 41, 4, 4, 4, 4, 4, 4, 4, 4, 4, 4),
(237, 10, 33, 3, 3, 4, 3, 2, 3, 3, 2, 3, 3),
(238, 9, 41, 4, 4, 4, 4, 4, 4, 4, 4, 4, 4),
(239, 9, 39, 4, 4, 4, 4, 4, 4, 4, 4, 4, 4),
(240, 10, 36, 3, 2, 2, 4, 3, 2, 1, 4, 2, 3),
(241, 10, 41, 4, 4, 4, 4, 4, 4, 4, 4, 4, 4),
(242, 9, 38, 4, 3, 4, 4, 4, 4, 3, 3, 4, 3),
(243, 10, 39, 1, 2, 1, 2, 2, 2, 2, 1, 1, 2),
(244, 10, 38, 4, 4, 4, 4, 4, 4, 4, 4, 4, 4),
(245, 6, 42, 2, 3, 2, 3, 1, 3, 1, 1, 2, 4),
(246, 7, 42, 2, 2, 1, 3, 1, 2, 2, 2, 3, 2),
(247, 6, 43, 2, 3, 4, 3, 2, 1, 2, 3, 3, 1),
(248, 8, 42, 2, 3, 2, 2, 3, 2, 3, 2, 2, 3),
(249, 9, 42, 2, 2, 1, 3, 3, 2, 2, 1, 3, 4),
(250, 7, 43, 3, 1, 1, 1, 1, 1, 1, 1, 1, 1),
(251, 10, 42, 3, 3, 3, 2, 3, 3, 2, 2, 4, 4),
(252, 8, 43, 1, 1, 2, 2, 2, 1, 2, 2, 2, 1),
(253, 9, 43, 1, 1, 2, 1, 3, 1, 4, 4, 2, 1),
(254, 10, 43, 2, 1, 1, 1, 1, 1, 4, 1, 1, 1),
(255, 6, 45, 3, 3, 2, 3, 2, 3, 3, 2, 4, 3),
(256, 7, 45, 3, 3, 3, 3, 3, 2, 2, 2, 3, 3),
(257, 8, 45, 2, 2, 3, 3, 3, 3, 2, 3, 3, 3),
(258, 9, 45, 4, 4, 4, 4, 4, 4, 4, 4, 4, 4),
(259, 6, 44, 2, 3, 3, 2, 2, 3, 3, 2, 2, 3),
(260, 7, 44, 3, 2, 3, 2, 3, 2, 3, 2, 3, 3),
(261, 10, 45, 2, 2, 2, 3, 3, 3, 2, 2, 1, 2),
(262, 8, 44, 3, 3, 3, 3, 2, 3, 2, 3, 3, 3),
(263, 9, 44, 3, 3, 3, 3, 3, 3, 3, 3, 3, 3),
(264, 10, 44, 2, 3, 2, 3, 2, 2, 2, 2, 2, 2),
(265, 6, 46, 4, 4, 4, 4, 4, 4, 4, 4, 4, 3),
(266, 7, 46, 4, 4, 3, 4, 3, 3, 3, 4, 3, 3),
(267, 6, 47, 4, 3, 3, 4, 4, 4, 4, 3, 4, 4),
(268, 8, 46, 4, 4, 4, 4, 3, 3, 3, 4, 4, 3),
(269, 7, 47, 4, 3, 4, 4, 4, 3, 4, 4, 4, 4),
(270, 9, 46, 4, 4, 4, 4, 4, 4, 4, 4, 4, 4),
(271, 8, 47, 4, 3, 4, 3, 3, 4, 3, 4, 3, 4),
(272, 9, 47, 4, 4, 3, 4, 3, 4, 4, 4, 3, 2),
(273, 10, 46, 4, 4, 4, 4, 4, 3, 3, 4, 2, 3),
(274, 10, 47, 2, 1, 1, 2, 3, 1, 2, 1, 1, 3),
(275, 11, 52, 4, 4, 4, 4, 4, 4, 4, 4, 4, 4),
(276, 11, 51, 3, 3, 3, 2, 2, 3, 3, 4, 3, 2),
(277, 11, 55, 4, 4, 3, 4, 3, 4, 3, 4, 3, 4),
(278, 14, 51, 2, 1, 2, 1, 1, 1, 1, 1, 1, 1),
(279, 11, 49, 4, 4, 4, 4, 4, 4, 4, 3, 4, 4),
(280, 12, 52, 3, 4, 3, 4, 4, 4, 4, 4, 4, 3),
(281, 13, 51, 4, 4, 4, 4, 4, 4, 4, 4, 4, 4),
(282, 12, 55, 4, 4, 3, 4, 4, 3, 4, 4, 3, 4),
(283, 13, 52, 4, 4, 4, 4, 4, 4, 4, 4, 4, 4),
(284, 13, 55, 4, 4, 4, 3, 4, 4, 4, 4, 3, 4),
(285, 14, 52, 1, 1, 1, 1, 1, 1, 1, 1, 1, 1),
(286, 12, 51, 4, 4, 4, 4, 4, 4, 4, 4, 4, 4),
(287, 12, 49, 4, 4, 3, 4, 3, 4, 3, 4, 4, 3),
(288, 13, 49, 4, 4, 4, 4, 4, 4, 3, 4, 4, 3),
(289, 15, 51, 2, 2, 2, 3, 2, 2, 2, 2, 2, 2),
(290, 11, 53, 4, 2, 4, 4, 3, 3, 3, 4, 3, 4),
(291, 15, 52, 4, 3, 3, 4, 4, 4, 4, 4, 4, 4),
(292, 14, 55, 1, 4, 1, 4, 1, 4, 1, 4, 1, 4),
(293, 15, 55, 4, 3, 3, 3, 3, 4, 4, 4, 4, 4),
(294, 11, 60, 4, 4, 3, 4, 4, 4, 4, 4, 4, 4),
(295, 14, 49, 3, 3, 4, 2, 4, 3, 3, 4, 3, 3),
(296, 15, 58, 4, 4, 4, 4, 4, 4, 4, 4, 4, 4),
(297, 11, 54, 3, 4, 3, 4, 3, 3, 4, 4, 4, 4),
(298, 11, 61, 4, 4, 3, 4, 3, 4, 4, 4, 4, 3),
(299, 15, 49, 4, 4, 4, 4, 4, 4, 4, 4, 4, 4),
(300, 14, 58, 4, 4, 4, 4, 4, 4, 4, 4, 4, 4),
(301, 12, 53, 3, 3, 3, 2, 2, 2, 4, 4, 3, 3),
(302, 11, 56, 3, 4, 3, 4, 3, 3, 3, 4, 4, 4),
(303, 13, 58, 3, 4, 3, 4, 3, 4, 3, 4, 3, 4),
(304, 12, 58, 3, 3, 3, 3, 3, 4, 4, 4, 4, 4),
(305, 11, 59, 4, 4, 4, 4, 3, 4, 2, 3, 4, 4),
(306, 11, 58, 4, 4, 4, 4, 4, 4, 4, 4, 4, 4),
(307, 13, 53, 4, 4, 4, 4, 4, 4, 4, 4, 4, 4),
(308, 12, 61, 4, 4, 4, 3, 4, 3, 3, 4, 4, 3),
(309, 12, 60, 3, 3, 3, 2, 4, 4, 4, 4, 4, 4),
(310, 12, 54, 3, 4, 3, 4, 3, 3, 4, 4, 4, 4),
(311, 12, 56, 3, 4, 3, 3, 3, 3, 3, 3, 3, 4),
(312, 13, 61, 4, 4, 4, 4, 4, 4, 2, 2, 4, 3),
(313, 12, 59, 3, 4, 4, 4, 3, 4, 3, 4, 4, 4),
(314, 13, 60, 3, 4, 4, 4, 4, 4, 4, 3, 4, 4),
(315, 13, 59, 4, 4, 4, 4, 4, 4, 3, 4, 4, 4),
(316, 14, 60, 4, 4, 4, 4, 4, 4, 4, 4, 4, 4),
(317, 11, 62, 3, 3, 3, 3, 3, 3, 3, 3, 4, 3),
(318, 11, 63, 4, 4, 3, 4, 3, 3, 4, 4, 4, 3),
(319, 15, 60, 3, 3, 3, 3, 3, 3, 3, 3, 3, 3),
(320, 13, 54, 3, 4, 4, 4, 3, 3, 3, 4, 4, 4),
(321, 13, 56, 3, 4, 3, 3, 3, 3, 3, 3, 3, 4),
(322, 12, 63, 4, 4, 4, 3, 4, 4, 4, 4, 4, 4),
(323, 14, 61, 2, 2, 1, 3, 4, 3, 3, 1, 1, 1),
(324, 14, 53, 3, 1, 4, 2, 3, 4, 4, 4, 1, 3),
(325, 12, 62, 3, 3, 3, 3, 3, 3, 3, 3, 2, 3),
(326, 13, 63, 4, 4, 4, 4, 3, 3, 4, 4, 4, 4),
(327, 13, 62, 4, 3, 3, 3, 3, 3, 3, 3, 3, 3),
(328, 14, 56, 3, 3, 3, 3, 4, 3, 4, 2, 3, 4),
(329, 14, 63, 4, 4, 3, 4, 4, 4, 3, 4, 3, 4),
(330, 15, 53, 4, 3, 1, 4, 2, 4, 4, 3, 4, 4),
(331, 14, 54, 3, 3, 3, 4, 3, 3, 3, 4, 4, 4),
(332, 15, 63, 4, 4, 4, 4, 3, 4, 4, 4, 4, 4),
(333, 14, 59, 3, 1, 2, 2, 1, 1, 3, 2, 1, 4),
(334, 15, 61, 3, 3, 3, 4, 3, 1, 1, 3, 4, 4),
(335, 15, 56, 3, 3, 3, 3, 3, 3, 3, 4, 4, 4),
(336, 14, 62, 2, 1, 2, 2, 2, 2, 2, 3, 1, 2),
(337, 15, 54, 4, 4, 4, 4, 4, 3, 3, 4, 4, 4),
(338, 15, 59, 4, 2, 4, 4, 4, 4, 3, 2, 3, 4),
(339, 15, 62, 3, 3, 3, 3, 2, 3, 3, 3, 3, 4),
(340, 11, 64, 4, 4, 4, 4, 4, 4, 4, 4, 4, 4),
(341, 12, 64, 2, 2, 2, 2, 2, 3, 2, 2, 3, 3),
(342, 13, 64, 2, 2, 2, 2, 2, 2, 2, 2, 2, 2),
(343, 14, 64, 4, 4, 4, 4, 4, 4, 4, 4, 4, 4),
(344, 15, 64, 2, 2, 2, 2, 2, 2, 2, 2, 2, 2),
(345, 6, 65, 3, 3, 2, 2, 2, 1, 2, 2, 2, 1),
(346, 7, 65, 3, 3, 3, 3, 3, 3, 3, 3, 3, 3),
(347, 8, 65, 1, 1, 1, 1, 1, 1, 1, 1, 1, 1),
(348, 9, 65, 3, 3, 3, 3, 3, 3, 1, 3, 3, 1),
(349, 10, 65, 1, 1, 1, 1, 1, 1, 1, 1, 1, 1),
(350, 6, 66, 3, 4, 2, 3, 4, 3, 3, 2, 3, 2),
(351, 7, 66, 3, 4, 3, 3, 2, 3, 3, 2, 3, 3),
(352, 8, 66, 3, 2, 2, 3, 2, 3, 3, 2, 3, 2),
(353, 9, 66, 3, 4, 3, 3, 3, 4, 3, 2, 3, 2),
(354, 10, 66, 3, 2, 3, 4, 3, 2, 3, 3, 2, 3);

-- --------------------------------------------------------

--
-- Table structure for table `as_student`
--

CREATE TABLE `as_student` (
  `s_id` int(10) NOT NULL,
  `uname` varchar(50) DEFAULT NULL,
  `password` varchar(20) DEFAULT NULL,
  `class` varchar(20) DEFAULT NULL,
  `status` varchar(20) NOT NULL
) ENGINE=InnoDB DEFAULT CHARSET=latin1;

--
-- Dumping data for table `as_student`
--

INSERT INTO `as_student` (`s_id`, `uname`, `password`, `class`, `status`) VALUES
(1, 'sasnkalp', '12345', 'F.Y.B.Sc(IT)', 'success'),
(2, 'II_Y0UZARSIEF_II', 'tahirali786', 'F.Y.B.Sc(IT)', 'success'),
(3, 'sankalp123', 'sank', 'F.Y.B.Sc(IT)', 'success'),
(4, 'sanchee_1999', '8424810701', 'F.Y.B.Sc(IT)', 'success'),
(5, 'mustafa ali', 'mustafaali', 'F.Y.B.Sc(IT)', 'success'),
(6, 'chirag', 'chirag455', 'F.Y.B.Sc(IT)', 'success'),
(7, 'krypton_4u', 'Shyamli86500', 'F.Y.B.Sc(IT)', 'success'),
(8, 'admin', 'Admin123', 'F.Y.B.Sc(IT)', 'success'),
(9, 'kedare_komal', 'komalmansvi1', 'F.Y.B.Sc(IT)', 'success'),
(10, 'tejashwini', '3061999', 'F.Y.B.Sc(IT)', 'success'),
(11, 'dk thakur', 'devank30', 'F.Y.B.Sc(IT)', 'success'),
(12, 'Harshada .s. kamathe', '123456', 'F.Y.B.Sc(IT)', 'success'),
(13, 'mayuri jadhav', '12345', 'F.Y.B.Sc(IT)', 'success'),
(14, 'emon', '12wa1467', 'F.Y.B.Sc(IT)', 'success'),
(15, 'ismail shaikh', '8082135330', 'F.Y.B.Sc(IT)', 'success'),
(16, 'ketan_j', '9870621587', 'F.Y.B.Sc(IT)', 'success'),
(17, 'vip', 'vipul', 'F.Y.B.Sc(IT)', 'success'),
(18, 'rohan_pathare', '123456789', 'F.Y.B.Sc(IT)', 'success'),
(19, 'vivek123', 'v123', 'F.Y.B.Sc(IT)', 'success'),
(20, 'asif khan', '7208273418', 'F.Y.B.Sc(IT)', 'success'),
(21, 'samer', '10891089', 'F.Y.B.Sc(IT)', 'success'),
(22, 'laxmi_kamble', '7738790737', 'F.Y.B.Sc(IT)', 'success'),
(23, 'sahil', '1234567', 'F.Y.B.Sc(IT)', 'success'),
(24, 'saggy', 'saggy555', 'F.Y.B.Sc(IT)', 'success'),
(25, 'saggy555', 'saggy555', 'F.Y.B.Sc(IT)', 'success'),
(26, 'Monika Dashrath Jadahav', 'monika', 'S.Y.B.Sc(IT)', 'success'),
(27, 'shewale_karan', 'karan123', 'S.Y.B.Sc(IT)', 'success'),
(28, 'rishikesh', 'rishikesh', 'S.Y.B.Sc(IT)', 'success'),
(29, 'abc', 'urmi4488', 'S.Y.B.Sc(IT)', 'success'),
(30, 'vinayak more', 'mammipappa', 'S.Y.B.Sc(IT)', 'success'),
(31, 'vaibhav', '12345', 'S.Y.B.Sc(IT)', 'success'),
(32, 'mnb', 'muskan', 'S.Y.B.Sc(IT)', 'success'),
(33, 'kunal kka', '9004545316', 'S.Y.B.Sc(IT)', 'success'),
(34, 'hemant', '12345', 'S.Y.B.Sc(IT)', 'success'),
(35, 'RAHUL SHINDE', 'ROTTENBLASTER', 'S.Y.B.Sc(IT)', 'success'),
(36, 'vivek soshte', '9769416614', 'S.Y.B.Sc(IT)', 'success'),
(37, 'nilofar', '1017', 'S.Y.B.Sc(IT)', 'success'),
(38, 'akshay', 'akshay', 'S.Y.B.Sc(IT)', 'success'),
(39, 'sohail khan', 'rajkumar 2', 'S.Y.B.Sc(IT)', 'success'),
(40, 'abhi123', '123abhi', 'S.Y.B.Sc(IT)', 'success'),
(41, 'bharadwaj', 'bharadwaj', 'S.Y.B.Sc(IT)', 'success'),
(42, 'sandeeppasi', '8268172924', 'S.Y.B.Sc(IT)', 'success'),
(43, 'akash kadam', '8898790505', 'S.Y.B.Sc(IT)', 'success'),
(44, 'Rohit', 'rohitpatel12345', 'S.Y.B.Sc(IT)', 'success'),
(45, 'satish', 'satish', 'S.Y.B.Sc(IT)', 'success'),
(46, 'Prithvi Tambe', 'phoenixtmb', 'S.Y.B.Sc(IT)', 'success'),
(47, 'unique', '123', 'S.Y.B.Sc(IT)', 'success'),
(48, 'paddy', 'prapaddyvandu', 'T.Y.B.Sc(IT)', 'success'),
(49, 'pradeepsatyarthi', 'prapaddyvandu', 'T.Y.B.Sc(IT)', 'success'),
(50, 'sedrftghjkl', '123456', 'T.Y.B.Sc(IT)', 'success'),
(51, 'sam', 'abc@123', 'T.Y.B.Sc(IT)', 'success'),
(52, 'aasdfghjk', '123456', 'T.Y.B.Sc(IT)', 'success'),
(53, 'Ajay Jatav', 'Ajay@123', 'T.Y.B.Sc(IT)', 'success'),
(54, 'prafulla', 'cokatiel', 'T.Y.B.Sc(IT)', 'success'),
(55, 'sagar', 'pass@123', 'T.Y.B.Sc(IT)', 'success'),
(56, 'shivaraj', '0004745', 'T.Y.B.Sc(IT)', 'success'),
(57, 'suRaj', '8652284084', 'T.Y.B.Sc(IT)', 'success'),
(58, 'shinde', '8652284084', 'T.Y.B.Sc(IT)', 'success'),
(59, 'Tony Stark', '1q2w3e4r5t6y7u8i9o0p', 'T.Y.B.Sc(IT)', 'success'),
(60, 'Sara', 'sara786', 'T.Y.B.Sc(IT)', 'success'),
(61, 'lalalala', '5+2=7', 'T.Y.B.Sc(IT)', 'success'),
(62, 'Pramod', 'Developer101298', 'T.Y.B.Sc(IT)', 'success'),
(63, 'Adan khan', '123456', 'T.Y.B.Sc(IT)', 'success'),
(64, 'jinal03', 'jinal03', 'T.Y.B.Sc(IT)', 'success'),
(65, 'manchester', 'realmadrid', 'S.Y.B.Sc(IT)', 'success'),
(66, 'rohan', '9769820045', 'S.Y.B.Sc(IT)', 'success'),
(67, 'xyz', '123', 'S.Y.B.Sc(IT)', 'new');

-- --------------------------------------------------------

--
-- Table structure for table `as_teacher`
--

CREATE TABLE `as_teacher` (
  `t_id` int(10) NOT NULL,
  `tname` varchar(50) DEFAULT NULL,
  `t_class` varchar(20) NOT NULL
) ENGINE=InnoDB DEFAULT CHARSET=latin1;

--
-- Dumping data for table `as_teacher`
--

INSERT INTO `as_teacher` (`t_id`, `tname`, `t_class`) VALUES
(1, 'Ms. S A Shinde', 'F.Y.B.Sc(IT)'),
(2, 'Yogesh R Rane', 'F.Y.B.Sc(IT)'),
(3, 'Sanjay H Jaiswar', 'F.Y.B.Sc(IT)'),
(4, 'Ms. Nilam Pawar', 'F.Y.B.Sc(IT)'),
(5, 'Ms. Smita Sawant', 'F.Y.B.Sc(IT)'),
(6, 'Ms. S A Shinde', 'S.Y.B.Sc(IT)'),
(7, 'Yogesh R Rane', 'S.Y.B.Sc(IT)'),
(8, 'Sanjay H Jaiswar', 'S.Y.B.Sc(IT)'),
(9, 'Shahid Ansari', 'S.Y.B.Sc(IT)'),
(10, 'Ms. Nilam Pawar', 'S.Y.B.Sc(IT)'),
(11, 'Yogesh R Rane', 'T.Y.B.Sc(IT)'),
(12, 'Sanjay H Jaiswar', 'T.Y.B.Sc(IT)'),
(13, 'Shahid Ansari', 'T.Y.B.Sc(IT)'),
(14, 'Ms. Nilam Pawar', 'T.Y.B.Sc(IT)'),
(15, 'Ms. Smita Sawant', 'T.Y.B.Sc(IT)');

--
-- Indexes for dumped tables
--

--
-- Indexes for table `as_admin`
--
ALTER TABLE `as_admin`
  ADD PRIMARY KEY (`id`);

--
-- Indexes for table `as_f_activities`
--
ALTER TABLE `as_f_activities`
  ADD PRIMARY KEY (`id`),
  ADD KEY `FK_activites` (`s_id`);

--
-- Indexes for table `as_f_administration`
--
ALTER TABLE `as_f_administration`
  ADD PRIMARY KEY (`id`),
  ADD KEY `FK_administration` (`s_id`);

--
-- Indexes for table `as_f_gymkhana`
--
ALTER TABLE `as_f_gymkhana`
  ADD PRIMARY KEY (`id`),
  ADD KEY `FK_gymkhana` (`s_id`);

--
-- Indexes for table `as_f_infrastucture`
--
ALTER TABLE `as_f_infrastucture`
  ADD PRIMARY KEY (`id`),
  ADD KEY `FK_infrastucture` (`s_id`);

--
-- Indexes for table `as_f_library`
--
ALTER TABLE `as_f_library`
  ADD PRIMARY KEY (`id`),
  ADD KEY `FK_library` (`s_id`);

--
-- Indexes for table `as_f_ncc`
--
ALTER TABLE `as_f_ncc`
  ADD PRIMARY KEY (`id`),
  ADD KEY `FK_ncc` (`s_id`);

--
-- Indexes for table `as_f_principal`
--
ALTER TABLE `as_f_principal`
  ADD PRIMARY KEY (`id`),
  ADD KEY `FK_principal` (`s_id`);

--
-- Indexes for table `as_f_teacher`
--
ALTER TABLE `as_f_teacher`
  ADD PRIMARY KEY (`id`),
  ADD KEY `FK_teacher` (`t_id`),
  ADD KEY `FK_student` (`s_id`);

--
-- Indexes for table `as_student`
--
ALTER TABLE `as_student`
  ADD PRIMARY KEY (`s_id`);

--
-- Indexes for table `as_teacher`
--
ALTER TABLE `as_teacher`
  ADD PRIMARY KEY (`t_id`);

--
-- AUTO_INCREMENT for dumped tables
--

--
-- AUTO_INCREMENT for table `as_admin`
--
ALTER TABLE `as_admin`
  MODIFY `id` int(10) NOT NULL AUTO_INCREMENT, AUTO_INCREMENT=3;
--
-- AUTO_INCREMENT for table `as_f_activities`
--
ALTER TABLE `as_f_activities`
  MODIFY `id` int(10) NOT NULL AUTO_INCREMENT, AUTO_INCREMENT=71;
--
-- AUTO_INCREMENT for table `as_f_administration`
--
ALTER TABLE `as_f_administration`
  MODIFY `id` int(10) NOT NULL AUTO_INCREMENT, AUTO_INCREMENT=71;
--
-- AUTO_INCREMENT for table `as_f_gymkhana`
--
ALTER TABLE `as_f_gymkhana`
  MODIFY `id` int(10) NOT NULL AUTO_INCREMENT, AUTO_INCREMENT=71;
--
-- AUTO_INCREMENT for table `as_f_infrastucture`
--
ALTER TABLE `as_f_infrastucture`
  MODIFY `id` int(10) NOT NULL AUTO_INCREMENT, AUTO_INCREMENT=71;
--
-- AUTO_INCREMENT for table `as_f_library`
--
ALTER TABLE `as_f_library`
  MODIFY `id` int(10) NOT NULL AUTO_INCREMENT, AUTO_INCREMENT=71;
--
-- AUTO_INCREMENT for table `as_f_ncc`
--
ALTER TABLE `as_f_ncc`
  MODIFY `id` int(10) NOT NULL AUTO_INCREMENT, AUTO_INCREMENT=71;
--
-- AUTO_INCREMENT for table `as_f_principal`
--
ALTER TABLE `as_f_principal`
  MODIFY `id` int(10) NOT NULL AUTO_INCREMENT, AUTO_INCREMENT=71;
--
-- AUTO_INCREMENT for table `as_f_teacher`
--
ALTER TABLE `as_f_teacher`
  MODIFY `id` int(10) NOT NULL AUTO_INCREMENT, AUTO_INCREMENT=355;
--
-- AUTO_INCREMENT for table `as_student`
--
ALTER TABLE `as_student`
  MODIFY `s_id` int(10) NOT NULL AUTO_INCREMENT, AUTO_INCREMENT=68;COMMIT;

/*!40101 SET CHARACTER_SET_CLIENT=@OLD_CHARACTER_SET_CLIENT */;
/*!40101 SET CHARACTER_SET_RESULTS=@OLD_CHARACTER_SET_RESULTS */;
/*!40101 SET COLLATION_CONNECTION=@OLD_COLLATION_CONNECTION */;
